,City,Country,Lat,Lng,Max Temp,Humidity,Cloudiness,Wind Speed,Current Description
0,Mujiayingzi,CN,42.12,118.78,66.36,76,46,12.53,scattered clouds
1,Pevek,RU,69.7,170.31,43.72,71,58,14.41,broken clouds
2,Geraldton,AU,-28.77,114.6,62.6,67,75,11.41,broken clouds
3,Rikitea,PF,-23.12,-134.97,73.29,85,0,10.18,clear sky
4,Mataura,NZ,-46.19,168.86,55.27,54,100,3.85,overcast clouds
5,Hilo,US,19.73,-155.09,84.2,62,90,10.29,overcast clouds
6,Port Alfred,ZA,-33.59,26.89,57.9,87,25,8.08,scattered clouds
7,Port Elizabeth,ZA,-33.92,25.57,57.2,93,75,3.36,broken clouds
8,Flin Flon,CA,54.77,-101.86,40.17,70,5,7.56,clear sky
9,Ilulissat,GL,69.22,-51.1,37.4,74,81,11.41,broken clouds
10,Yilan,TW,24.76,121.75,88.0,51,40,3.36,scattered clouds
11,Morgan City,US,29.7,-91.21,82.4,74,1,3.36,clear sky
12,Barrow,US,71.29,-156.79,42.8,75,20,10.29,few clouds
13,Bredasdorp,ZA,-34.53,20.04,44.6,93,0,5.82,clear sky
14,Ushuaia,AR,-54.8,-68.3,37.4,86,0,6.93,clear sky
15,Butaritari,KI,3.07,172.79,83.82,73,100,15.41,overcast clouds
16,Iqaluit,CA,63.75,-68.51,44.01,65,75,11.41,broken clouds
17,Midland,US,32.0,-102.08,87.8,31,1,12.75,clear sky
18,Tauramena,CO,5.02,-72.75,71.56,83,90,4.76,overcast clouds
19,Ribeira Grande,PT,38.52,-28.7,69.31,73,36,23.2,scattered clouds
20,Albany,US,42.6,-73.97,62.01,69,0,1.1,clear sky
21,Kaitangata,NZ,-46.28,169.85,55.99,53,99,8.99,light rain
22,Tuktoyaktuk,CA,69.45,-133.04,44.6,58,20,13.87,few clouds
23,Saint-Georges,GD,12.06,-61.75,80.6,83,20,8.05,few clouds
24,Hovd,MN,48.01,91.64,60.3,45,100,7.85,moderate rain
25,Jaisalmer,IN,26.91,70.92,82.96,68,0,13.02,clear sky
26,Boone,US,39.03,-92.33,82.99,68,56,12.1,broken clouds
27,Saint-Pierre,RE,-21.34,55.48,68.0,72,3,5.82,clear sky
28,Kaspiysk,RU,42.88,47.64,69.8,83,86,2.24,overcast clouds
29,Qaanaaq,GL,77.48,-69.36,21.27,82,0,4.94,clear sky
30,Leon,MX,21.12,-101.67,68.0,72,75,5.82,broken clouds
31,Clyde River,CA,70.47,-68.59,37.4,79,90,18.34,overcast clouds
32,Zheleznodorozhnyy,RU,55.75,38.0,55.4,87,100,4.47,light rain
33,Lagos,NG,6.58,3.75,73.53,89,91,4.09,overcast clouds
34,Taltal,CL,-25.4,-70.48,56.21,71,0,3.27,clear sky
35,Venkatagiri,IN,13.97,79.58,80.6,88,20,1.21,few clouds
36,Toamasina,MG,-18.17,49.38,66.2,93,75,6.93,shower rain
37,Georgetown,MY,5.41,100.34,80.6,88,20,5.82,few clouds
38,Lebu,CL,-37.62,-73.65,48.51,88,2,8.68,clear sky
39,Emba,KZ,48.83,58.14,57.81,39,100,4.27,overcast clouds
40,Moree,AU,-29.47,149.85,71.6,43,0,8.05,clear sky
41,Arlit,NE,18.74,7.39,91.29,28,0,3.29,clear sky
42,Punta Arenas,CL,-53.15,-70.92,41.0,86,100,3.36,overcast clouds
43,Jiwani,PK,25.05,61.74,81.46,82,0,9.55,clear sky
44,Usinsk,RU,65.99,57.53,51.08,94,100,10.47,overcast clouds
45,Bluff,NZ,-46.6,168.33,52.3,71,33,13.0,light rain
46,Nkhotakota,MW,-12.93,34.3,66.18,69,93,10.31,overcast clouds
47,Puro,PH,12.48,123.38,87.73,67,100,4.09,overcast clouds
48,Mangrol,IN,21.12,70.12,82.04,85,0,7.74,clear sky
49,Coahuayana,MX,18.73,-103.68,79.61,79,100,0.67,overcast clouds
50,Taoudenni,ML,22.68,-3.98,95.07,14,0,14.9,clear sky
51,Busselton,AU,-33.65,115.33,61.0,49,2,20.71,light rain
52,Nanortalik,GL,60.14,-45.24,44.31,94,100,5.19,light rain
53,Puerto Ayora,EC,-0.74,-90.35,64.99,97,97,3.0,overcast clouds
54,Soyo,AO,-6.13,12.37,72.61,88,52,8.93,broken clouds
55,Baker City,US,44.77,-117.83,84.2,26,1,8.05,clear sky
56,Khatanga,RU,71.97,102.5,48.43,61,0,3.49,clear sky
57,Dekalb,US,33.75,-84.23,71.6,64,1,7.02,clear sky
58,Ayan,RU,56.45,138.17,57.07,83,85,8.59,overcast clouds
59,Obihiro,JP,42.92,143.2,73.4,88,75,2.24,broken clouds
60,Luanda,AO,-8.84,13.23,71.6,88,75,3.36,broken clouds
61,Bayan,CN,46.08,127.4,75.0,62,100,6.76,overcast clouds
62,Lamu,KE,-2.27,40.9,74.95,80,2,12.08,clear sky
63,Xining,CN,36.62,101.77,60.62,50,5,1.59,clear sky
64,Plettenberg Bay,ZA,-34.05,23.37,56.23,84,1,5.86,clear sky
65,Rosarito,MX,32.33,-117.03,98.6,13,5,8.05,smoke
66,Tiksi,RU,71.69,128.87,44.69,83,98,5.7,overcast clouds
67,Castro,BR,-24.79,-50.01,62.35,57,0,0.34,clear sky
68,Rehoboth,NA,-23.32,17.08,59.83,34,0,1.39,clear sky
69,Boa Vista,BR,2.82,-60.67,78.8,78,40,2.24,scattered clouds
70,Panama City,PA,8.99,-79.52,77.0,94,100,3.36,light rain
71,Chuy,UY,-33.7,-53.46,49.23,87,0,7.05,clear sky
72,Shirokiy,RU,49.76,129.52,67.55,77,74,2.62,broken clouds
73,Hermanus,ZA,-34.42,19.23,54.0,84,6,1.01,clear sky
74,Aqtobe,KZ,50.28,57.21,41.0,65,69,1.23,broken clouds
75,Sao Jose Da Coroa Grande,BR,-8.9,-35.15,73.31,78,1,8.16,clear sky
76,Port Jervis,US,41.38,-74.69,64.99,45,25,1.01,scattered clouds
77,Swan River,CA,52.11,-101.27,47.03,62,85,7.16,overcast clouds
78,Charlestown,AU,-32.95,151.67,71.01,40,20,14.99,few clouds
79,Caravelas,BR,-17.71,-39.25,70.99,93,2,3.91,clear sky
80,New Norfolk,AU,-42.78,147.06,64.4,45,100,13.87,overcast clouds
81,Abu Zabad,SD,12.35,29.25,74.37,85,25,8.93,scattered clouds
82,Atuona,PF,-9.8,-139.03,79.16,73,37,17.78,scattered clouds
83,Puerto Leguizamo,CO,-0.19,-74.78,75.94,77,83,0.74,broken clouds
84,Souillac,MU,-20.52,57.52,66.2,100,75,4.7,light rain
85,Fallon,US,39.47,-118.78,87.8,15,90,4.7,smoke
86,Bambous Virieux,MU,-20.34,57.76,66.99,100,75,4.7,light rain
87,Ponta Do Sol,PT,32.67,-17.1,71.6,83,20,8.05,few clouds
88,Manaure,CO,11.78,-72.44,86.0,70,36,8.61,scattered clouds
89,Jamestown,US,42.1,-79.24,64.99,77,75,4.7,broken clouds
90,Upernavik,GL,72.79,-56.15,34.16,90,99,10.89,overcast clouds
91,Krasnoselkup,RU,65.7,82.47,45.93,79,0,4.32,clear sky
92,Krutikha,RU,53.96,81.21,44.91,79,99,6.51,overcast clouds
93,Faya,SA,18.39,42.45,66.2,33,0,3.47,clear sky
94,Touros,BR,-5.2,-35.46,73.4,83,16,4.7,few clouds
95,Carnarvon,AU,-24.87,113.63,68.0,100,90,12.75,overcast clouds
96,Tasiilaq,GL,65.61,-37.64,35.6,93,86,5.82,mist
97,Dongli,CN,23.57,116.82,86.0,74,20,2.24,few clouds
98,Airai,TL,-8.93,125.41,73.71,46,14,7.4,few clouds
99,Hobart,AU,-42.88,147.33,64.4,45,100,13.87,overcast clouds
100,Cidreira,BR,-30.18,-50.21,57.56,88,100,17.67,overcast clouds
101,Vestmannaeyjar,IS,63.44,-20.27,51.76,87,99,27.16,overcast clouds
102,Maumere,ID,-8.62,122.21,82.98,59,96,3.65,overcast clouds
103,Bethel,US,41.37,-73.41,71.6,68,90,4.7,overcast clouds
104,Basco,PH,20.45,121.97,83.75,69,3,8.43,clear sky
105,Beringovskiy,RU,63.05,179.32,48.74,76,53,9.6,broken clouds
106,Beamsville,CA,43.17,-79.48,66.0,58,32,7.16,scattered clouds
107,Fukue,JP,32.69,128.84,73.4,88,75,21.92,light intensity shower rain
108,Alofi,NU,-19.06,-169.92,75.2,60,67,20.8,broken clouds
109,Torphins,GB,57.11,-2.62,50.0,70,100,3.0,overcast clouds
110,Codrington,AU,-38.27,141.97,64.9,62,78,21.81,broken clouds
111,Chara,RU,56.91,118.26,64.35,59,98,2.15,overcast clouds
112,La Ronge,CA,55.1,-105.28,46.4,64,75,9.17,broken clouds
113,Moerai,PF,-22.43,-151.33,68.95,88,100,12.01,light rain
114,Lompoc,US,34.64,-120.46,82.4,42,1,4.7,clear sky
115,Umm Lajj,SA,25.02,37.27,91.51,37,0,9.89,clear sky
116,Poya,NC,-21.35,165.15,76.66,59,100,6.8,overcast clouds
117,Kapaa,US,22.08,-159.32,82.99,65,90,12.75,overcast clouds
118,Port Hardy,CA,50.7,-127.42,62.6,77,75,12.75,broken clouds
119,Kodiak,US,57.79,-152.41,55.4,93,90,12.75,light rain
120,Shelburne,CA,44.08,-80.2,60.8,63,1,9.17,clear sky
121,Shingu,JP,33.73,135.98,84.2,83,75,32.21,light intensity shower rain
122,Sistranda,NO,63.73,8.83,48.2,93,75,9.17,broken clouds
123,Cape Town,ZA,-33.93,18.42,54.0,93,0,3.36,clear sky
124,Vaini,TO,-21.2,-175.2,75.2,64,75,11.41,broken clouds
125,Turukhansk,RU,65.82,87.98,47.64,75,0,1.59,clear sky
126,Kainan,JP,34.15,135.2,84.2,74,75,32.21,shower rain
127,Vanimo,PG,-2.67,141.3,87.37,59,0,10.07,clear sky
128,Yichang,CN,30.71,111.28,84.99,53,0,2.21,clear sky
129,Cabo San Lucas,MX,22.89,-109.91,82.99,74,40,10.29,scattered clouds
130,Fairbanks,US,64.84,-147.72,64.4,34,20,11.41,few clouds
131,Kavaratti,IN,10.57,72.64,82.6,79,100,23.6,overcast clouds
132,Trinidad,BO,-14.83,-64.9,83.77,47,96,2.44,overcast clouds
133,Srednekolymsk,RU,67.45,153.68,51.33,76,100,3.6,overcast clouds
134,Lagoa Vermelha,BR,-28.21,-51.53,55.09,94,78,6.64,broken clouds
135,Sao Filipe,CV,14.9,-24.5,77.95,81,59,9.44,broken clouds
136,Sault Sainte Marie,CA,46.52,-84.33,60.8,87,90,9.17,moderate rain
137,San Patricio,MX,19.22,-104.7,86.0,74,75,6.93,broken clouds
138,Mar Del Plata,AR,-38.0,-57.56,46.0,93,0,6.29,fog
139,Yima,CN,34.74,111.88,83.3,38,0,4.47,clear sky
140,Baruun-Urt,MN,46.68,113.28,62.56,60,0,7.65,clear sky
141,Marawi,PH,8.0,124.29,82.99,80,4,4.0,clear sky
142,Saint-Philippe,RE,-21.36,55.77,68.0,72,50,5.82,light rain
143,Vizinga,RU,61.07,50.1,49.93,96,93,5.06,overcast clouds
144,Talnakh,RU,69.49,88.4,48.2,93,75,4.47,broken clouds
145,Nipawin,CA,53.37,-104.0,50.0,71,20,10.29,few clouds
146,Klaksvik,FO,62.23,-6.59,51.8,100,100,8.05,light rain
147,Ponta Delgada,PT,37.73,-25.67,68.0,82,40,18.34,light intensity shower rain
148,Hasaki,JP,35.73,140.83,88.0,79,75,14.99,shower rain
149,Kavieng,PG,-2.57,150.8,84.4,75,3,12.91,light rain
150,Tiarei,PF,-17.53,-149.33,82.4,69,75,5.82,broken clouds
151,Svetlogorsk,BY,52.63,29.73,56.64,97,52,3.36,broken clouds
152,Pilar,BR,-9.6,-35.96,68.0,94,40,2.19,scattered clouds
153,Sorland,NO,67.67,12.69,52.18,81,100,4.92,overcast clouds
154,Erice,IT,38.04,12.59,73.4,94,9,1.12,clear sky
155,Darhan,MN,49.49,105.92,55.49,71,0,2.68,clear sky
156,Komsomolskiy,UZ,40.43,71.72,60.8,44,0,2.24,clear sky
157,Mirnyy,RU,62.54,113.96,46.4,81,40,8.95,scattered clouds
158,Abalak,RU,58.13,68.59,46.0,95,100,8.52,overcast clouds
159,Avera,US,33.19,-82.53,75.2,53,40,4.7,scattered clouds
160,Iracoubo,GF,5.48,-53.2,78.39,86,97,8.16,light rain
161,Narsaq,GL,60.92,-46.05,42.8,93,100,5.82,light rain
162,Aden,YE,12.78,45.04,84.51,82,12,7.4,few clouds
163,Zlatoust,RU,55.17,59.65,46.33,98,58,5.95,broken clouds
164,San Quintin,MX,30.48,-115.95,83.8,47,0,3.27,clear sky
165,Wajima,JP,37.4,136.9,91.4,49,75,10.29,shower rain
166,Cherskiy,RU,68.75,161.3,50.81,48,100,11.32,overcast clouds
167,Glazov,RU,58.14,52.66,47.43,94,0,3.56,clear sky
168,Bandarbeyla,SO,9.49,50.81,75.09,77,99,24.65,overcast clouds
169,Tessalit,ML,20.2,1.01,87.66,38,12,9.26,few clouds
170,Leningradskiy,RU,69.38,178.42,46.2,60,0,10.6,clear sky
171,Fomboni,KM,-12.28,43.74,76.05,71,0,17.02,clear sky
172,Poso,ID,-1.4,120.75,88.43,54,7,1.83,clear sky
173,Southbridge,US,42.08,-72.03,68.0,88,9,3.87,clear sky
174,Diamantino,BR,-14.41,-56.45,79.05,22,0,3.62,clear sky
175,Hobyo,SO,5.35,48.53,75.7,81,9,20.02,clear sky
176,Qaqortoq,GL,60.72,-46.03,42.8,93,100,5.82,light rain
177,Waipawa,NZ,-41.41,175.52,55.0,66,85,20.8,overcast clouds
178,Nikolskoye,RU,59.7,30.79,54.0,81,37,2.24,scattered clouds
179,Ranong,TH,9.97,98.63,82.4,88,75,5.55,broken clouds
180,Hami,CN,42.8,93.45,81.59,15,88,4.68,overcast clouds
181,Akyab,MM,20.15,92.9,84.04,74,100,2.35,overcast clouds
182,Berlevag,NO,70.86,29.09,50.04,86,100,23.82,overcast clouds
183,Constitucion,CL,-35.33,-72.42,50.74,82,0,5.73,clear sky
184,Kargasok,RU,59.06,80.86,43.23,92,52,9.44,broken clouds
185,Claremore,US,36.31,-95.62,84.0,54,1,5.82,clear sky
186,Methoni,GR,36.82,21.7,75.99,72,0,2.24,clear sky
187,Guozhen,CN,34.37,107.36,81.73,38,0,3.58,light rain
188,Paamiut,GL,61.99,-49.67,42.57,96,38,17.52,scattered clouds
189,Oberstdorf,DE,47.4,10.28,52.0,97,100,2.46,overcast clouds
190,Bocanda,CI,7.06,-4.5,71.24,97,63,5.88,broken clouds
191,Kuybyshevo,RU,47.81,38.91,68.11,31,70,8.7,broken clouds
192,Broken Hill,AU,-31.95,141.43,73.4,25,0,14.99,clear sky
193,Hithadhoo,MV,-0.6,73.08,81.63,77,100,10.78,overcast clouds
194,Inirida,CO,3.87,-67.92,76.53,83,83,1.48,broken clouds
195,Nanchang,CN,28.68,115.88,84.24,53,0,3.98,clear sky
196,Danielskuil,ZA,-28.19,23.54,53.04,66,0,6.96,clear sky
197,Goma,CD,-1.68,29.22,64.53,74,96,2.75,overcast clouds
198,Saint-Joseph,RE,-21.37,55.62,68.0,72,22,5.82,few clouds
199,Lima,PE,-12.04,-77.03,59.0,82,90,10.29,overcast clouds
200,Axim,GH,4.87,-2.24,75.2,87,100,9.78,overcast clouds
201,Te Anau,NZ,-45.42,167.72,53.17,53,54,0.92,broken clouds
202,Oriximina,BR,-1.77,-55.87,81.23,63,26,3.62,scattered clouds
203,Ancud,CL,-41.87,-73.82,44.01,91,0,3.0,clear sky
204,Bathsheba,BB,13.22,-59.52,82.4,78,40,13.87,shower rain
205,Comodoro Rivadavia,AR,-45.87,-67.5,44.6,81,0,10.54,clear sky
206,Lorengau,PG,-2.02,147.27,84.16,79,23,13.11,few clouds
207,Flinders,AU,-34.58,150.86,69.01,61,0,14.0,clear sky
208,Tabou,CI,4.42,-7.35,76.1,87,100,8.55,light rain
209,Marsh Harbour,BS,26.54,-77.06,83.89,75,59,11.07,broken clouds
210,Lagoa,PT,39.05,-27.98,68.38,77,95,23.2,overcast clouds
211,Westport,US,41.14,-73.36,73.4,69,1,8.05,clear sky
212,Dikson,RU,73.51,80.55,42.3,79,84,21.21,broken clouds
213,Khunti,IN,23.08,85.28,75.2,94,40,4.7,haze
214,Zhaodong,CN,46.08,125.98,77.0,88,100,6.71,overcast clouds
215,Namatanai,PG,-3.67,152.43,84.27,73,16,8.39,light rain
216,Conde,BR,-7.26,-34.91,69.8,94,4,4.7,clear sky
217,Tezu,IN,27.92,96.17,77.07,79,100,1.07,overcast clouds
218,Mahebourg,MU,-20.41,57.7,66.2,100,75,4.7,light rain
219,Port Keats,AU,-14.25,129.55,91.83,30,100,5.23,overcast clouds
220,Ixtapa,MX,20.7,-105.2,82.4,83,90,3.36,overcast clouds
221,Olafsvik,IS,64.89,-23.71,49.8,90,100,22.08,overcast clouds
222,Belaya Gora,RU,68.53,146.42,50.41,53,100,8.88,overcast clouds
223,Shemysheyka,RU,52.89,45.39,62.01,41,4,2.17,clear sky
224,Cayenne,GF,4.93,-52.33,78.8,94,48,2.24,scattered clouds
225,Mao,ES,39.89,4.27,73.4,64,79,16.11,broken clouds
226,Tuatapere,NZ,-46.13,167.68,56.8,50,17,3.42,few clouds
227,Yellowknife,CA,62.46,-114.35,51.01,57,40,12.75,scattered clouds
228,Solvychegodsk,RU,61.33,46.92,54.01,90,66,7.16,broken clouds
229,Rio Grande,BR,-32.03,-52.1,55.99,85,100,3.0,overcast clouds
230,Hervey Bay,AU,-25.3,152.85,68.0,84,74,5.01,light rain
231,Bandar-E Anzali,IR,37.47,49.46,69.8,100,47,4.79,scattered clouds
232,Alice Springs,AU,-23.7,133.88,86.0,9,0,10.29,clear sky
233,Itaituba,BR,-4.28,-55.98,82.4,69,49,2.42,scattered clouds
234,Grand Gaube,MU,-20.01,57.66,66.99,92,100,5.01,light rain
235,Peci,BA,44.63,16.79,60.8,93,0,2.24,clear sky
236,Broome,US,42.25,-75.83,62.6,72,1,3.36,clear sky
237,Victoria,HK,22.29,114.16,84.0,88,40,6.93,light intensity shower rain
238,Mitsamiouli,KM,-11.38,43.28,74.68,70,0,5.32,clear sky
239,Otjiwarongo,NA,-20.46,16.65,60.62,33,0,8.72,clear sky
240,Kropotkin,RU,45.44,40.58,66.85,80,96,5.84,light rain
241,Meulaboh,ID,4.14,96.13,80.94,69,41,2.19,scattered clouds
242,Sajanan,TN,37.06,9.24,73.4,88,40,2.24,scattered clouds
243,Port Blair,IN,11.67,92.75,84.11,75,96,5.35,overcast clouds
244,Rameswaram,IN,9.28,79.3,84.16,71,71,17.11,broken clouds
245,Norman Wells,CA,65.28,-126.83,53.6,62,75,9.17,broken clouds
246,Wenling,CN,28.37,121.36,84.99,58,0,6.26,clear sky
247,Rafai,CF,4.95,23.92,67.77,98,100,1.59,overcast clouds
248,Avarua,CK,-21.21,-159.78,73.4,64,47,8.05,scattered clouds
249,Deputatskiy,RU,69.3,139.9,41.18,95,100,3.58,light rain
250,Inhambane,MZ,-23.86,35.38,68.16,70,99,7.52,overcast clouds
251,Yazoo City,US,32.86,-90.41,80.6,69,1,2.77,clear sky
252,Mecca,SA,21.43,39.83,85.91,33,0,2.15,clear sky
253,Kahului,US,20.89,-156.47,87.8,48,40,20.8,scattered clouds
254,Borogontsy,RU,62.67,131.17,58.14,61,43,4.79,scattered clouds
255,Chokurdakh,RU,70.63,147.92,52.02,45,5,9.64,clear sky
256,Nantucket,US,41.28,-70.1,62.6,93,1,4.7,clear sky
257,Uspenka,UA,48.39,39.16,61.74,32,42,5.23,scattered clouds
258,Warburton,PK,31.55,73.83,77.0,94,40,3.94,smoke
259,Pavilosta,LV,56.89,21.19,59.0,87,76,5.82,broken clouds
260,Chuncheng,CN,22.17,111.79,88.0,68,100,2.59,overcast clouds
261,Songjianghe,CN,42.19,127.48,58.42,95,100,9.44,heavy intensity rain
262,Strathaven,GB,55.68,-4.07,55.0,80,100,1.01,light rain
263,Borovoy,RU,55.43,86.08,44.6,93,96,4.47,overcast clouds
264,Covington,US,39.08,-84.51,73.0,73,40,6.93,scattered clouds
265,Arraial Do Cabo,BR,-22.97,-42.03,71.33,89,0,17.87,clear sky
266,Biak,ID,-0.91,122.88,80.96,77,97,9.08,overcast clouds
267,Namibe,AO,-15.2,12.15,68.27,86,70,3.53,broken clouds
268,Rio Gallegos,AR,-51.62,-69.22,39.2,80,99,4.7,overcast clouds
269,Knysna,ZA,-34.04,23.05,55.4,100,45,4.7,scattered clouds
270,Chapais,CA,49.78,-74.85,50.0,81,20,8.05,few clouds
271,Katherine,AU,-14.47,132.27,91.4,16,100,21.92,overcast clouds
272,Faanui,PF,-16.48,-151.75,78.31,76,0,9.35,light rain
273,Tukrah,LY,32.53,20.58,73.98,72,0,9.33,clear sky
274,Hamilton,US,39.18,-84.53,73.99,73,40,6.93,scattered clouds
275,Cockburn Town,TC,21.46,-71.14,83.14,80,73,15.52,broken clouds
276,Pisco,PE,-13.7,-76.22,60.8,82,88,9.17,overcast clouds
277,Onega,RU,63.91,38.14,53.01,96,46,5.93,scattered clouds
278,Buraydah,SA,26.33,43.98,78.8,29,0,2.24,clear sky
279,Sterling,US,39.01,-77.43,71.6,64,20,6.93,few clouds
280,Zhigalovo,RU,54.81,105.16,56.77,71,78,4.47,broken clouds
281,Beaverlodge,CA,55.22,-119.44,50.0,87,75,3.36,light intensity shower rain
282,Sinnamary,GF,5.38,-52.95,78.71,86,74,9.84,moderate rain
283,East London,ZA,-33.02,27.91,62.44,79,86,7.83,overcast clouds
284,Grindavik,IS,63.84,-22.43,50.0,100,90,21.92,shower rain
285,Longhua,CN,23.61,114.19,85.06,79,99,1.81,light rain
286,Luderitz,NA,-26.65,15.16,57.07,74,0,16.46,clear sky
287,Whitehorse,CA,60.72,-135.05,60.01,33,20,3.36,few clouds
288,Saint George,US,37.1,-113.58,108.0,6,1,18.34,clear sky
289,Verkhoturye,RU,58.86,60.81,47.98,94,33,3.49,scattered clouds
290,Tsumeb,NA,-19.23,17.72,61.34,32,0,10.33,clear sky
291,Osa,RU,57.28,55.46,47.52,92,10,2.62,clear sky
292,Acarau,BR,-2.89,-40.12,77.5,82,0,13.73,clear sky
293,Valente,BR,-11.41,-39.46,64.15,90,0,6.11,clear sky
294,Abu Samrah,SY,35.3,37.18,67.91,61,0,0.58,clear sky
295,Marquette,US,46.53,-87.63,68.0,77,74,3.0,broken clouds
296,Saldanha,ZA,-33.01,17.94,51.8,81,0,3.36,clear sky
297,Anadyr,RU,64.75,177.48,50.0,81,75,11.18,shower rain
298,Kampot,KH,10.62,104.18,86.0,79,40,1.12,shower rain
299,Tikamgarh,IN,24.75,78.83,80.29,82,0,6.55,clear sky
300,Panzhihua,CN,26.59,101.71,71.01,65,100,0.45,overcast clouds
301,Adrar,MR,20.5,-10.07,91.29,37,14,6.46,few clouds
302,Atar,MR,20.52,-13.05,87.44,46,99,12.12,overcast clouds
303,Mayo,US,38.89,-76.51,73.4,64,1,10.04,clear sky
304,Solenzo,BF,12.18,-4.08,72.34,94,100,4.92,overcast clouds
305,Zhuhai,CN,22.28,113.57,89.01,83,40,5.82,light rain
306,Vengurla,IN,15.87,73.63,77.0,94,40,9.17,moderate rain
307,Pacific Grove,US,36.62,-121.92,91.0,29,1,3.36,haze
308,Qui Nhon,VN,13.77,109.23,87.66,61,70,3.18,broken clouds
309,Adre,TD,13.47,22.2,72.86,81,21,4.94,few clouds
310,Wajir,KE,1.75,40.06,72.07,69,99,14.2,overcast clouds
311,Lovozero,RU,68.0,35.01,45.3,90,100,5.21,overcast clouds
312,San-Pedro,CI,4.75,-6.64,75.43,91,97,8.08,light rain
313,Vostok,RU,46.49,135.88,72.57,54,97,3.04,overcast clouds
314,Rincon,US,32.3,-81.24,80.6,69,75,5.82,broken clouds
315,Bairiki,KI,1.33,172.98,89.6,62,20,17.22,few clouds
316,Newport,GB,51.59,-3.0,53.01,95,96,3.09,overcast clouds
317,Cabatuan,PH,10.88,122.49,87.35,68,84,2.59,broken clouds
318,Yarmouth,US,41.71,-70.23,72.0,64,1,4.7,clear sky
319,Goderich,CA,43.75,-81.72,64.0,77,10,26.51,clear sky
320,Yook,PH,13.23,121.96,88.05,65,100,2.35,overcast clouds
321,Thompson,CA,55.74,-97.86,42.8,75,75,10.29,light intensity shower rain
322,Provideniya,RU,64.38,-173.3,44.6,70,75,22.37,broken clouds
323,Guerrero Negro,MX,27.98,-114.06,82.99,56,0,15.77,clear sky
324,Lamar,US,33.67,-95.58,80.6,74,1,5.82,clear sky
325,Fortuna,US,40.6,-124.16,75.99,60,1,5.82,clear sky
326,Mount Isa,AU,-20.73,139.5,84.2,26,0,12.75,clear sky
327,Itarema,BR,-2.92,-39.92,77.99,82,5,14.07,clear sky
328,Mount Gambier,AU,-37.83,140.77,66.2,39,100,24.16,overcast clouds
329,Kokopo,PG,-4.35,152.26,86.25,64,5,8.63,clear sky
330,Mulchen,CL,-37.72,-72.23,45.97,93,0,1.81,clear sky
331,Fuerte Olimpo,PY,-21.04,-57.87,82.2,46,74,10.22,broken clouds
332,La Tuque,CA,47.43,-72.78,49.3,94,9,4.99,clear sky
333,Leshukonskoye,RU,64.9,45.76,56.35,97,100,6.69,light rain
334,Inuvik,CA,68.35,-133.72,51.8,57,20,4.7,few clouds
335,Naze,JP,28.37,129.48,86.0,74,40,12.75,scattered clouds
336,Verkhnevilyuysk,RU,63.45,120.32,53.28,56,0,5.17,clear sky
337,Wattegama,LK,6.8,81.48,77.0,88,90,3.36,overcast clouds
338,Novoanninskiy,RU,50.53,42.67,57.4,37,76,8.01,broken clouds
339,Belyy Yar,RU,53.6,91.39,51.8,87,75,2.86,broken clouds
340,Bubaque,GW,11.28,-15.83,80.33,81,100,19.26,light rain
341,Opuwo,NA,-18.06,13.84,59.07,46,0,2.19,clear sky
342,Remanso,BR,-9.62,-42.08,75.36,62,0,11.9,clear sky
343,Port Augusta,AU,-32.5,137.77,78.8,21,12,29.97,few clouds
344,Calabozo,VE,8.92,-67.43,74.89,94,49,0.72,scattered clouds
345,Katsuura,JP,35.13,140.3,87.01,79,75,17.22,broken clouds
346,Mahajanga,MG,-15.72,46.32,68.0,72,20,5.82,few clouds
347,Carballo,ES,43.21,-8.69,62.6,72,81,4.7,broken clouds
348,Zhangjiakou,CN,40.81,114.88,71.69,54,0,10.22,clear sky
349,Christchurch,NZ,-43.53,172.63,57.99,54,13,6.93,few clouds
350,Safita,SY,34.82,36.12,73.99,73,0,6.93,clear sky
351,Pulaski,US,34.77,-92.3,78.01,73,1,5.82,smoke
352,Honiara,SB,-9.43,159.95,95.0,53,40,10.29,scattered clouds
353,Laguna,US,38.42,-121.42,109.0,12,1,5.82,haze
354,Dunedin,NZ,-45.87,170.5,55.99,58,69,10.0,broken clouds
355,Kamina,CD,-8.74,24.99,67.64,27,100,3.24,overcast clouds
356,Neiafu,TO,-18.65,-173.98,77.0,61,20,16.11,few clouds
357,Sitka,US,57.05,-135.33,59.0,77,75,4.7,broken clouds
358,Zyryanka,RU,65.75,150.85,46.56,91,100,14.79,moderate rain
359,Sao Sebastiao,BR,-23.76,-45.41,69.19,89,11,2.13,few clouds
360,Katobu,ID,-4.94,122.53,83.73,65,82,7.94,broken clouds
361,Pala,TD,9.36,14.9,69.89,84,94,2.77,overcast clouds
362,Elko,US,41.0,-115.5,89.6,10,1,9.17,haze
363,Sisimiut,GL,66.94,-53.67,38.52,75,22,10.8,few clouds
364,Tacana,GT,15.23,-92.08,77.0,100,75,2.24,light rain
365,San Policarpo,PH,12.18,125.51,85.24,71,100,6.02,overcast clouds
366,Perbaungan,ID,3.57,98.96,81.18,79,88,3.33,overcast clouds
367,Harper,LR,4.38,-7.72,76.08,87,98,8.14,overcast clouds
368,Shimanovsk,RU,52.0,127.7,60.53,86,97,5.66,overcast clouds
369,Bamiantong,CN,44.93,130.53,71.64,70,100,6.06,light rain
370,Isangel,VU,-19.55,169.27,78.8,74,75,5.82,broken clouds
371,Fonte Boa,BR,-2.5,-66.27,78.55,72,0,0.63,clear sky
372,Derzhavinsk,KZ,51.1,66.32,51.12,77,0,11.39,clear sky
373,Necochea,AR,-38.55,-58.74,37.0,93,0,4.0,clear sky
374,Amazar,RU,53.86,120.88,66.78,50,0,4.09,clear sky
375,Torbay,CA,47.67,-52.73,59.0,76,75,10.29,broken clouds
376,Belmonte,BR,-15.86,-38.88,75.2,83,75,6.93,broken clouds
377,Dubbo,AU,-32.25,148.62,68.0,60,0,12.75,clear sky
378,Bend,US,44.06,-121.32,91.4,7,1,5.82,clear sky
379,Cheyenne,US,41.14,-104.82,82.4,14,1,8.05,clear sky
380,Kampene,CD,-3.6,26.67,67.32,95,0,1.32,clear sky
381,Smithers,CA,54.78,-127.17,59.0,77,20,5.82,few clouds
382,Qiyang,CN,26.59,111.85,72.07,90,100,2.26,overcast clouds
383,Krasnovishersk,RU,60.41,57.08,49.82,94,91,1.48,overcast clouds
384,Majene,ID,-3.54,118.97,83.52,70,82,11.07,broken clouds
385,Maceio,BR,-9.67,-35.74,68.0,94,40,9.01,scattered clouds
386,Berdigestyakh,RU,62.1,126.7,53.02,58,6,9.53,clear sky
387,Bengkulu,ID,-3.8,102.27,81.59,75,7,6.58,clear sky
388,Buchanan,LR,5.88,-10.05,77.0,94,75,8.5,light rain
389,Tandil,AR,-37.32,-59.13,43.0,80,0,3.83,clear sky
390,Kemijarvi,FI,66.71,27.43,43.18,96,87,3.38,overcast clouds
391,Banda Aceh,ID,5.56,95.32,82.11,71,98,6.35,overcast clouds
392,Praia Da Vitoria,PT,38.73,-27.07,69.01,77,75,22.46,broken clouds
393,Vardo,NO,70.37,31.11,50.54,85,83,12.84,broken clouds
394,Husavik,IS,66.04,-17.34,55.4,71,90,8.05,overcast clouds
395,Redmond,US,47.67,-122.12,78.01,55,0,4.85,clear sky
396,Sobolevo,RU,54.43,31.9,58.06,97,80,4.79,broken clouds
397,Norrkoping,SE,58.59,16.18,50.0,93,80,5.82,broken clouds
398,Malakal,SS,9.53,31.66,71.56,97,100,4.88,overcast clouds
399,Shahr-E Babak,IR,30.12,55.12,57.47,31,0,2.39,clear sky
400,Lasa,IT,46.62,10.7,57.0,93,75,5.82,broken clouds
401,Saskylakh,RU,71.92,114.08,48.79,63,24,7.2,few clouds
402,Saint-Augustin,CA,51.23,-58.65,52.39,79,0,8.79,clear sky
403,Aklavik,CA,68.22,-135.01,51.8,57,20,4.7,few clouds
404,Woodward,US,36.43,-99.39,86.0,35,1,12.75,clear sky
405,Buala,SB,-8.14,159.59,86.05,66,12,6.49,light rain
406,Nemuro,JP,43.32,145.57,77.0,88,75,9.17,broken clouds
407,Razole,IN,16.48,81.83,83.61,78,26,2.19,scattered clouds
408,San Cristobal,VE,7.77,-72.22,66.87,88,37,2.68,scattered clouds
409,Batangafo,CF,7.3,18.28,66.33,98,100,0.89,overcast clouds
410,Nanakuli,US,21.39,-158.15,87.8,48,40,11.41,scattered clouds
411,Natal,BR,-5.79,-35.21,73.4,83,48,6.93,scattered clouds
412,Sivas,TR,39.79,37.0,51.8,81,0,1.21,clear sky
413,Margate,GB,51.38,1.39,61.0,85,53,5.86,broken clouds
414,Schoningen,DE,52.14,10.97,55.0,94,38,4.41,scattered clouds
415,Baykit,RU,61.67,96.37,52.75,59,57,0.25,broken clouds
416,Camacha,PT,33.08,-16.33,69.8,83,20,4.7,few clouds
417,Verkhnyaya Inta,RU,65.98,60.31,51.04,91,92,6.76,overcast clouds
418,Dinar,TR,38.06,30.17,66.2,52,0,8.05,clear sky
419,Del Rio,US,29.36,-100.9,87.8,55,1,12.75,clear sky
420,Grand Junction,US,39.06,-108.55,95.0,8,1,4.7,clear sky
421,Sagua De Tanamo,CU,20.58,-75.24,77.43,89,100,2.71,overcast clouds
422,Williams Lake,CA,52.14,-122.14,60.8,63,75,13.87,broken clouds
423,Samborondon,EC,-1.95,-79.73,78.8,65,20,12.75,few clouds
424,Okha,RU,53.57,142.95,59.85,87,97,8.5,overcast clouds
425,Yuryev-Polskiy,RU,56.5,39.68,56.43,77,100,7.05,overcast clouds
426,Voyvozh,RU,62.89,54.96,48.56,97,14,4.45,few clouds
427,Mildura,AU,-34.2,142.15,75.0,25,0,20.8,clear sky
428,Kruisfontein,ZA,-34.0,24.73,51.01,95,0,1.01,clear sky
429,Luau,AO,-10.71,22.22,65.8,28,0,5.01,clear sky
430,Zhangye,CN,38.93,100.45,76.12,27,48,8.16,scattered clouds
431,Veliki Trnovac,RS,42.48,21.74,55.0,78,0,1.01,clear sky
432,Nizhnevartovsk,RU,60.93,76.55,44.6,93,75,8.95,broken clouds
433,Porto Santo,PT,33.07,-16.34,69.8,83,20,4.7,few clouds
434,Bowling Green,US,36.99,-86.44,75.2,69,1,4.7,clear sky
435,Requena,ES,39.49,-1.1,63.0,83,0,1.01,clear sky
436,Oyama,JP,36.3,139.8,80.6,88,75,4.7,shower rain
437,Sambava,MG,-14.27,50.17,65.39,83,0,8.28,clear sky
438,Kwinana,AU,-32.25,115.77,62.01,59,40,13.87,scattered clouds
439,Korla,CN,41.76,86.15,72.0,79,80,4.0,broken clouds
440,Potsdam,DE,52.4,13.07,55.0,86,56,5.37,broken clouds
441,Dandong,CN,40.13,124.39,69.33,82,100,7.67,light rain
442,Rosetta,EG,31.4,30.42,78.8,78,40,9.17,scattered clouds
443,Qasigiannguit,GL,68.82,-51.19,37.4,74,72,11.41,broken clouds
444,Beira,MZ,-19.84,34.84,67.55,83,37,8.01,light rain
445,San Rafael,AR,-34.62,-68.33,50.13,59,87,6.29,overcast clouds
446,Dinguiraye,GN,11.3,-10.72,70.32,97,100,1.97,moderate rain
447,Parichhatgarh,IN,28.98,77.93,82.27,79,0,2.86,clear sky
448,Thunder Bay,CA,48.4,-89.32,59.0,100,75,10.29,fog
449,Maarianhamina,AX,60.1,19.93,42.8,100,81,1.12,broken clouds
450,Kyrksaeterora,NO,63.29,9.09,53.6,93,75,9.17,broken clouds
451,Ballina,AU,-28.87,153.57,71.6,56,90,11.41,overcast clouds
452,Ambunti,PG,-4.24,142.84,90.07,55,24,4.9,few clouds
453,Kenitra,MA,34.26,-6.58,66.2,100,20,3.36,few clouds
454,Emmett,US,43.87,-116.5,88.0,23,1,2.19,clear sky
455,Ahipara,NZ,-35.17,173.17,60.37,73,30,14.67,scattered clouds
456,Mont-Dore,NC,-22.28,166.58,75.0,99,100,12.1,overcast clouds
457,Garoua Boulai,CM,5.88,14.55,62.47,99,99,2.21,overcast clouds
458,Juneau,US,58.3,-134.42,62.6,48,20,6.93,few clouds
459,Sibu,MY,2.3,111.82,77.0,88,40,5.82,scattered clouds
460,Esperance,AU,-33.87,121.9,53.6,93,90,14.99,overcast clouds
461,Dudinka,RU,69.41,86.18,48.2,93,75,4.47,broken clouds
462,Voh,NC,-20.97,164.7,76.82,59,100,6.29,overcast clouds
463,Zhovti Vody,UA,48.35,33.5,59.0,62,0,4.47,clear sky
464,Tual,ID,-5.67,132.75,80.87,82,54,19.84,broken clouds
465,Karratha,AU,-20.74,116.85,79.72,42,0,12.3,clear sky
466,Beterou,BJ,9.2,2.26,70.97,96,99,2.66,overcast clouds
467,Mindif,CM,10.4,14.44,70.12,94,93,3.58,light rain
468,Abha,SA,18.22,42.51,66.2,37,0,3.0,clear sky
469,Kasganj,IN,27.82,78.65,85.64,70,0,1.52,clear sky
470,Vila Velha,BR,-20.33,-40.29,73.4,83,0,11.41,clear sky
471,Haines Junction,CA,60.75,-137.51,58.8,40,51,3.94,broken clouds
472,Chota,PE,-6.55,-78.65,55.45,87,100,3.31,overcast clouds
473,Altea,ES,38.6,-0.05,81.0,52,0,3.85,clear sky
474,Orasac,BA,44.63,16.07,59.4,86,4,3.85,clear sky
475,Puerto Narino,CO,-3.77,-70.38,78.8,94,75,0.87,broken clouds
476,Chowchilla,US,37.12,-120.26,105.8,29,75,4.7,haze
477,Tshikapa,CD,-6.42,20.8,73.45,73,0,1.36,clear sky
478,Saint Anthony,US,45.02,-93.22,73.99,46,1,14.99,clear sky
479,Goundam,ML,16.41,-3.67,87.49,53,2,8.77,clear sky
480,Suluktu,KG,39.93,69.57,55.4,43,0,15.66,clear sky
481,Igcocolo,PH,10.69,122.32,86.95,66,81,2.04,broken clouds
482,Miquelon,PM,47.1,-56.38,60.51,79,2,11.45,clear sky
483,Itaqui,BR,-29.13,-56.55,57.18,92,96,14.79,overcast clouds
484,Sibolga,ID,1.74,98.78,84.85,58,74,2.08,broken clouds
485,Balkanabat,TM,39.51,54.37,76.57,16,0,24.45,clear sky
486,Ambovombe,MG,-25.17,46.08,63.21,87,0,11.9,clear sky
487,Longyearbyen,SJ,78.22,15.64,39.2,86,75,6.93,light rain
488,Samarai,PG,-10.62,150.67,78.76,85,96,16.98,overcast clouds
489,Sao Joao Da Barra,BR,-21.64,-41.05,72.57,89,0,15.75,clear sky
490,Yenagoa,NG,4.92,6.26,73.15,93,63,3.74,broken clouds
491,Henties Bay,NA,-22.12,14.28,53.01,93,0,5.01,clear sky
492,Maryborough,AU,-25.53,152.7,68.0,84,56,5.01,light rain
493,Changping,CN,40.22,116.22,82.0,61,0,6.71,clear sky
494,Silver City,US,32.77,-108.28,86.0,23,40,3.36,scattered clouds
495,Guanay,BO,-15.5,-67.88,75.54,67,100,0.63,overcast clouds
496,Carlos Chagas,BR,-17.7,-40.77,69.76,89,13,6.11,few clouds
497,Raudeberg,NO,61.99,5.14,51.01,93,100,14.97,light rain
498,Richards Bay,ZA,-28.78,32.04,62.1,87,72,7.02,broken clouds
499,Pitimbu,BR,-7.47,-34.81,69.8,94,1,4.7,clear sky
500,Chopinzinho,BR,-25.86,-52.52,67.35,73,32,3.49,scattered clouds
501,Ciudad Bolivar,VE,8.12,-63.55,80.65,74,95,5.57,overcast clouds
502,Roma,US,43.21,-75.46,59.0,82,1,4.7,clear sky
503,Jacksonville Beach,US,30.29,-81.39,78.8,88,90,21.92,thunderstorm
504,Dickinson,US,29.46,-95.05,84.99,74,75,8.05,broken clouds
505,Dingle,PH,11.0,122.67,86.32,72,96,3.91,overcast clouds
506,Canyon Lake,US,29.88,-98.26,82.99,66,71,4.16,broken clouds
507,Kem,RU,64.96,34.58,49.53,90,24,7.43,few clouds
508,Cortez,US,37.35,-108.59,91.4,9,1,10.29,clear sky
509,Wanning,CN,18.8,110.4,87.8,69,100,10.0,light rain
510,Palmer,US,42.16,-72.33,66.99,87,20,3.36,few clouds
511,Quatre Cocos,MU,-20.21,57.76,66.99,100,75,4.7,light rain
512,Prince Rupert,CA,54.32,-130.32,60.8,93,75,4.7,broken clouds
513,Macenta,GN,8.54,-9.47,67.69,98,84,1.7,light rain
514,Brae,GB,60.4,-1.35,51.8,81,100,18.34,overcast clouds
515,Ucluelet,CA,48.93,-125.55,68.0,72,20,4.7,fog
516,Agirish,RU,61.92,63.02,45.07,87,52,2.26,broken clouds
517,Talakan,RU,50.32,130.37,66.02,80,100,0.76,overcast clouds
518,Gat,IL,31.61,34.76,78.01,78,40,2.24,scattered clouds
519,Cardoso,BR,-20.08,-49.91,74.86,30,32,5.21,scattered clouds
520,Batemans Bay,AU,-35.72,150.18,66.0,58,0,7.0,clear sky
521,Micheweni,TZ,-4.97,39.83,74.28,84,36,9.42,scattered clouds
522,Yulara,AU,-25.24,130.99,87.8,12,0,17.22,clear sky
523,Golkoy,TR,40.69,37.62,69.8,100,20,1.48,few clouds
524,Tacna,PE,-18.01,-70.25,60.01,75,69,1.01,broken clouds
525,Cabra,ES,37.47,-4.44,75.2,57,0,5.82,clear sky
526,Valle De Allende,MX,26.93,-105.4,69.89,68,100,8.03,overcast clouds
527,Kiunga,PG,-6.12,141.29,86.68,64,83,4.36,broken clouds
528,Yar-Sale,RU,66.83,70.83,43.41,63,0,2.77,clear sky
529,Erenhot,CN,43.65,111.98,66.67,54,0,10.85,clear sky
530,Portland,US,45.52,-122.68,88.0,31,20,11.41,few clouds
531,Sola,VU,-13.88,167.55,80.6,83,90,5.82,overcast clouds
532,Zhuzhou,CN,27.83,113.15,73.4,88,100,4.47,light rain
533,Huilong,CN,31.81,121.66,84.0,61,0,5.99,clear sky
534,Aykhal,RU,66.0,111.5,32.0,65,90,4.47,fog
535,Havoysund,NO,71.0,24.66,48.2,100,75,12.75,light rain
536,Udachnyy,RU,66.42,112.4,32.0,60,90,4.47,fog
537,Ossora,RU,59.24,163.07,52.02,74,99,14.52,light rain
538,Gananoque,CA,44.33,-76.17,61.0,76,0,7.96,clear sky
539,Santa Rosa,PH,14.31,121.11,89.01,70,40,3.36,scattered clouds
540,Jacmel,HT,18.23,-72.53,80.37,76,96,1.59,overcast clouds
541,Lumeje,AO,-11.55,20.78,64.08,29,0,5.21,clear sky
542,Ilovka,RU,50.71,38.64,58.15,35,93,4.21,overcast clouds
543,Purranque,CL,-40.92,-73.17,48.2,81,0,3.36,clear sky
544,Murray Bridge,AU,-35.12,139.27,73.0,40,66,24.56,broken clouds
545,Pahalgam,IN,34.03,75.33,59.49,60,0,0.72,clear sky
546,Mantua,IT,45.17,10.78,69.01,91,0,1.99,clear sky
547,Solton,RU,52.84,86.48,47.82,87,53,4.54,broken clouds
548,Kuznechnoye,RU,61.12,29.87,54.0,94,78,6.44,broken clouds
549,Soe,ID,-9.86,124.28,79.83,43,33,11.86,scattered clouds
550,Tomatlan,MX,19.93,-105.25,77.05,89,100,1.1,overcast clouds
551,New Glasgow,CA,45.58,-62.65,60.01,89,0,5.82,clear sky
552,Mandalgovi,MN,45.76,106.27,61.77,58,0,8.14,clear sky
553,Coquimbo,CL,-29.95,-71.34,55.4,82,5,3.36,clear sky
554,Salinopolis,BR,-0.61,-47.36,79.47,82,0,12.71,clear sky
555,Havarna,RO,48.07,26.65,57.99,83,0,2.91,clear sky
556,The Pas,CA,53.83,-101.25,46.4,61,20,18.34,few clouds
557,Fort Nelson,CA,58.81,-122.7,55.4,66,75,3.36,broken clouds
558,Ormond Beach,US,29.29,-81.06,84.99,88,20,6.29,few clouds
559,Marsaxlokk,MT,35.84,14.54,78.8,83,0,11.41,clear sky
560,Prado,BR,-17.34,-39.22,72.21,91,16,6.13,few clouds
561,Owando,CG,-0.48,15.9,70.75,91,100,2.21,overcast clouds
562,Doka,SD,13.52,35.77,71.22,98,3,8.37,clear sky
563,Barra Patuca,HN,15.8,-84.28,80.83,85,99,7.16,overcast clouds
564,Ormara,PK,25.21,64.64,81.81,82,0,18.75,clear sky
565,Havre-Saint-Pierre,CA,50.23,-63.6,46.4,93,1,6.93,clear sky
566,Kieta,PG,-6.22,155.63,84.96,65,17,3.06,light rain
567,Gull Lake,CA,50.1,-108.48,53.6,71,90,11.41,overcast clouds
568,Amasya,TR,40.67,35.83,59.0,82,3,2.04,clear sky
569,Kasongo-Lunda,CD,-6.47,16.82,72.28,77,0,3.38,clear sky
570,Esso,RU,55.93,158.7,52.68,81,100,3.56,overcast clouds
571,Chuguyevka,RU,44.17,133.86,64.62,84,100,0.92,light rain
572,Amapa,BR,1.0,-52.0,73.18,94,9,4.36,clear sky
573,Ozernovskiy,RU,51.5,156.52,55.9,92,71,6.31,broken clouds
574,Alta Floresta,BR,-9.88,-56.09,76.93,28,1,2.62,clear sky
575,Mortka,RU,59.33,66.02,41.04,84,1,6.55,clear sky
576,Khani,GE,41.96,42.96,69.8,94,75,3.36,broken clouds
577,Aasiaat,GL,68.71,-52.87,38.01,77,83,11.56,broken clouds
578,Le Port,RE,-20.94,55.29,73.4,53,90,13.87,overcast clouds
579,Sabha,LY,27.04,14.43,80.6,24,0,10.07,clear sky
580,Ankang,CN,32.68,109.02,79.63,61,0,1.1,clear sky
581,Cananeia,BR,-25.01,-47.93,69.22,93,100,2.84,overcast clouds
582,Jiuquan,CN,39.74,98.52,72.1,24,5,5.14,clear sky
583,Peniche,PT,39.36,-9.38,64.99,88,0,9.15,clear sky
584,Port Macquarie,AU,-31.43,152.92,71.01,51,19,3.0,few clouds
585,Mormugao,IN,15.4,73.8,77.0,94,40,9.17,thunderstorm
586,Kolda,SN,12.88,-14.95,73.2,97,100,4.34,light rain
587,Lensk,RU,60.73,114.93,53.58,77,100,4.9,overcast clouds
588,Egvekinot,RU,66.32,-179.17,45.36,56,100,2.51,overcast clouds
589,Nioro,GM,13.35,-15.75,73.94,97,100,4.85,overcast clouds
590,San Nicolas,PH,18.17,120.6,86.0,74,20,4.7,few clouds
591,Kilis,TR,36.72,37.12,59.0,54,0,4.9,clear sky
592,Petrovskaya,RU,45.43,37.95,64.4,93,40,4.47,scattered clouds
593,Virginia Beach,US,36.85,-75.98,73.99,56,1,4.7,clear sky
594,Northam,GB,51.03,-4.22,52.0,94,96,3.0,overcast clouds
595,Staryy Nadym,RU,65.61,72.68,46.26,74,64,1.88,broken clouds
596,Tadine,NC,-21.55,167.88,73.44,72,92,15.88,overcast clouds
597,Castilho,BR,-20.87,-51.49,75.58,26,1,6.71,clear sky
598,Kayerkan,RU,69.35,87.76,48.2,93,75,4.47,broken clouds
599,Tura,IN,25.52,90.22,75.13,97,100,4.79,overcast clouds
600,Dargaville,NZ,-35.93,173.88,58.44,87,34,10.47,light rain
601,Iberia,US,29.95,-91.75,82.4,74,1,4.7,clear sky
602,Palana,RU,59.12,159.97,46.72,84,100,3.71,light rain
603,Nouadhibou,MR,20.93,-17.03,80.6,65,100,13.87,light rain
604,Walvis Bay,NA,-22.96,14.51,53.01,93,0,10.29,clear sky
605,Jumla,NP,29.27,82.18,65.52,59,0,1.97,clear sky
606,Nuuk,GL,64.18,-51.72,39.2,86,18,6.93,few clouds
607,Lata,PT,40.16,-8.33,69.01,78,0,2.48,clear sky
608,Tres Arroyos,AR,-38.37,-60.28,41.95,65,0,6.91,clear sky
609,Sinjar,IQ,36.32,41.88,79.84,18,0,3.96,clear sky
610,Chissamba,AO,-12.17,17.33,60.39,33,0,2.04,clear sky
611,Mjolby,SE,58.33,15.12,50.0,93,95,6.93,light rain
612,Ilhabela,BR,-23.78,-45.36,69.66,90,10,2.3,clear sky
613,Raiganj,IN,25.62,88.12,84.34,77,100,3.47,moderate rain
614,Bay Roberts,CA,47.6,-53.26,57.99,44,4,6.82,clear sky
615,Uray,RU,60.12,64.78,41.95,79,0,5.5,clear sky
616,Balaipungut,ID,1.05,101.28,78.8,83,20,1.59,few clouds
617,Springbok,ZA,-29.66,17.89,50.18,55,0,4.54,clear sky
618,Ketchikan,US,55.34,-131.65,62.6,77,1,3.36,clear sky
619,Manta,EC,-0.95,-80.73,73.4,78,20,8.05,few clouds
620,Damghan,IR,36.17,54.35,63.63,33,0,2.28,clear sky
621,Nelson Bay,AU,-32.72,152.15,73.99,40,20,14.99,few clouds
622,Zlobin,HR,45.29,14.65,69.01,88,9,2.24,clear sky
623,Ufimskiy,RU,56.71,58.05,47.14,95,6,5.82,clear sky
624,Cienaga,CO,11.01,-74.25,75.99,100,40,6.93,scattered clouds
625,Semirom,IR,31.42,51.57,46.9,53,0,1.14,clear sky
626,Mezen,RU,65.85,44.24,56.17,97,100,7.25,overcast clouds
627,Vega De Alatorre,MX,20.03,-96.63,78.35,80,100,12.03,overcast clouds
628,Kirakira,SB,-10.45,161.92,77.58,87,99,7.67,overcast clouds
629,Uch,FR,45.32,-0.93,55.4,87,0,4.7,clear sky
630,El Retorno,CO,2.33,-72.63,73.96,89,52,2.62,broken clouds
631,Hundested,DK,55.97,11.87,55.99,100,11,1.99,few clouds
632,Beni,CD,0.5,29.47,61.9,100,98,1.21,overcast clouds
633,North Bend,US,43.41,-124.22,75.0,82,1,24.16,clear sky
634,Ayagoz,KZ,47.97,80.44,48.85,50,38,9.6,scattered clouds
635,Kloulklubed,PW,7.04,134.26,87.8,70,75,8.05,broken clouds
636,San Javier,ES,37.81,-0.84,73.0,83,0,3.36,clear sky
637,Dali,CN,25.7,100.18,63.66,83,100,1.3,overcast clouds
638,Luganville,VU,-15.53,167.17,82.4,74,75,9.17,broken clouds
639,Kudahuvadhoo,MV,2.67,72.89,82.51,76,100,12.12,overcast clouds
640,Havelock,US,34.88,-76.9,75.99,78,37,1.01,scattered clouds
641,Paris,FR,48.85,2.35,55.99,81,0,4.7,clear sky
642,Lavrentiya,RU,65.58,-171.0,44.49,70,98,23.09,overcast clouds
643,San Miguel,SV,13.48,-88.18,75.06,92,100,2.33,overcast clouds
644,Tuscaloosa,US,33.21,-87.57,80.6,57,1,3.36,clear sky
645,Taft,IR,31.75,54.21,71.6,17,0,2.24,clear sky
646,Labrea,BR,-7.26,-64.8,81.61,36,80,2.77,broken clouds
647,Madimba,TZ,-10.4,40.33,70.07,88,78,7.7,broken clouds
648,Guaira,BR,-20.32,-48.31,72.27,32,96,2.86,overcast clouds
649,Panji,ID,-7.73,114.1,88.9,44,71,1.83,broken clouds
650,Monthey,CH,46.26,6.96,59.0,67,20,3.36,few clouds
651,Vilyuysk,RU,63.76,121.62,51.93,59,0,7.83,clear sky
652,Semey,KZ,50.41,80.23,41.0,86,32,4.47,scattered clouds
653,Kortkeros,RU,61.81,51.58,46.4,100,20,4.47,few clouds
654,Koungou,YT,-12.73,45.2,73.4,83,75,9.17,broken clouds
655,Aransas Pass,US,27.91,-97.15,84.2,89,1,5.97,clear sky
656,Shangrao,CN,28.45,117.97,81.36,50,0,1.74,clear sky
657,Parana,AR,-31.73,-60.52,59.0,65,100,4.0,overcast clouds
658,Severo-Kurilsk,RU,50.68,156.12,58.46,86,100,8.12,overcast clouds
659,Coihaique,CL,-45.58,-72.07,39.2,86,31,1.97,scattered clouds
660,San Angelo,US,31.46,-100.44,87.8,35,1,12.75,clear sky
661,Labytnangi,RU,66.66,66.42,50.27,71,99,4.99,overcast clouds
662,Lebanon,US,36.21,-86.29,71.6,73,1,3.76,clear sky
663,Mugur-Aksy,RU,50.35,90.5,46.71,62,96,5.06,overcast clouds
664,Turmalina,BR,-17.29,-42.73,62.17,81,14,1.95,few clouds
665,Aitape,PG,-3.14,142.35,87.48,59,1,8.79,clear sky
666,Azad Shahr,IR,34.79,48.57,55.4,35,0,2.24,clear sky
667,Batticaloa,LK,7.71,81.69,80.08,68,99,8.12,overcast clouds
668,Shimoda,JP,34.67,138.95,86.0,74,40,21.92,scattered clouds
669,Horizontina,BR,-27.63,-54.31,60.01,91,91,1.99,overcast clouds
670,Alekseyevsk,RU,57.84,108.35,56.46,72,73,0.47,broken clouds
671,Mareeba,AU,-17.0,145.43,81.0,63,77,5.99,broken clouds
672,Colares,PT,38.8,-9.45,75.99,56,0,9.28,clear sky
673,Jiangyou,CN,31.77,104.72,78.26,61,0,3.94,clear sky
674,Calatayud,ES,41.35,-1.64,64.4,72,0,3.36,clear sky
675,Skopelos,GR,39.12,23.72,71.01,48,0,6.64,clear sky
676,Zhigansk,RU,66.77,123.37,48.25,71,98,18.92,overcast clouds
677,Ovalle,CL,-30.6,-71.2,53.37,71,0,1.59,clear sky
678,Niamey,NE,13.51,2.11,77.0,94,0,2.24,clear sky
679,Tongren,CN,27.72,109.19,70.92,83,84,1.25,broken clouds
680,Vallenar,CL,-28.57,-70.76,55.45,59,0,1.07,clear sky
681,Rzhev,RU,56.26,34.33,57.38,97,100,2.17,heavy intensity rain
682,Jatai,BR,-17.88,-51.71,71.94,32,1,4.65,clear sky
683,Port Hedland,AU,-20.32,118.57,80.6,44,0,11.41,clear sky
684,Brandfort,ZA,-28.7,26.46,51.8,81,0,1.12,clear sky
685,Rocha,UY,-34.48,-54.33,43.2,91,0,2.84,clear sky
686,Nabire,ID,-3.37,135.48,83.46,79,41,4.12,scattered clouds
687,Matay,EG,28.42,30.78,75.54,75,0,13.62,clear sky
688,Poum,NC,-20.23,164.02,73.38,76,100,9.35,overcast clouds
689,Shieli,KZ,44.17,66.75,54.54,40,0,8.5,clear sky
690,Rovaniemi,FI,66.5,25.72,48.2,100,75,3.36,broken clouds
691,Boyuibe,BO,-20.42,-63.28,59.34,73,100,10.8,overcast clouds
692,Cao Bang,VN,22.67,106.25,78.17,88,100,0.85,overcast clouds
693,Kupang,ID,-10.17,123.58,86.0,58,20,20.8,few clouds
694,Merauke,ID,-8.47,140.33,83.35,70,36,15.84,scattered clouds
695,Wanaka,NZ,-44.7,169.15,53.11,43,5,3.06,clear sky
696,Ahuatempan,MX,18.42,-98.02,64.99,80,100,3.0,overcast clouds
697,Tigil,RU,57.8,158.67,48.49,95,100,10.04,moderate rain
698,Rusape,ZW,-18.53,32.13,44.96,96,0,3.04,clear sky
699,Joniskis,LT,56.24,23.62,50.0,93,94,8.05,overcast clouds
700,Agadir,MA,30.42,-9.6,68.0,77,0,4.7,clear sky
701,Tarata,BO,-17.62,-66.02,66.2,42,99,8.05,overcast clouds
702,Dongsheng,CN,39.82,109.98,69.57,40,0,10.78,clear sky
703,Miles City,US,46.41,-105.84,66.2,42,1,17.22,clear sky
704,Muros,ES,42.78,-9.06,61.0,82,25,5.82,scattered clouds
705,Mehamn,NO,71.04,27.85,48.97,89,100,23.02,light rain
706,Nueva Guinea,NI,11.69,-84.46,74.79,94,100,3.83,overcast clouds
707,Sann,PK,26.04,68.14,77.0,78,0,7.11,haze
708,Varva,UA,50.49,32.72,61.39,53,0,0.74,clear sky
709,Jijiang,CN,29.29,106.25,78.01,80,2,0.63,clear sky
710,Novyy Nekouz,RU,57.9,38.07,57.76,85,100,5.5,overcast clouds
711,Zeya,RU,53.75,127.27,65.57,75,82,3.13,broken clouds
712,Kostomuksha,RU,64.57,30.58,46.49,95,62,5.39,broken clouds
713,Lawrenceburg,US,38.04,-84.9,73.4,64,1,6.93,clear sky
